Modelo,Accuracy,Precision,Recall,F1-score,AUC ROC
XGBoost,0.9807692307692307,0.95,0.95,0.95,0.9976190476190476
RandomForest,0.9807692307692307,0.95,0.95,0.95,0.9916666666666667
LightGBM,0.9711538461538461,0.9473684210526315,0.9,0.9230769230769231,0.9964285714285714
SVM,0.9038461538461539,0.75,0.75,0.75,0.969047619047619
MLP,0.9615384615384616,0.8636363636363636,0.95,0.9047619047619048,0.9946428571428572
Stacking,0.9711538461538461,0.9473684210526315,0.9,0.9230769230769231,0.9952380952380953
