Modelo,accuracy,auc
XGBoost,0.9807692307692307,0.9976190476190476
RandomForest,0.9807692307692307,0.9931547619047619
LightGBM,0.9711538461538461,0.9964285714285714
SVM,0.9038461538461539,0.969047619047619
MLP,0.9711538461538461,0.9952380952380953
Stacking,0.9807692307692307,0.9976190476190476
